<?xml version="1.0" encoding="UTF-8"?><addon id="service.subtitles.opensubtitles" name="OpenSubtitles.org" provider-name="amet" version="5.0.15">
  <requires>
    <import addon="xbmc.python" version="2.1.0"/>
  </requires>
  <extension library="service.py" point="xbmc.subtitle.module"/>
  <extension point="xbmc.addon.metadata">
    <summary lang="en">OpenSubtitles</summary>
    <description lang="en">Search and download subtitles from opensubtitles.org</description>
    <disclaimer lang="en"/>
    <platform>all</platform>
    <license>GNU GENERAL PUBLIC LICENSE. Version 2, June 1991</license>
    <forum>http://forum.xbmc.org/showthread.php?tid=183114</forum>
    <website/>
    <email/>
    <source>https://github.com/amet/service.subtitles.opensubtitles</source>    
  </extension>
</addon>